City_ID,City,Lat,Lng,Max Temp,Humidity,Cloudiness,Wind Speed,Country,Date
0,hermanus,-34.4187,19.2345,23.78,75,4,1.78,ZA,1677225838
1,bathsheba,13.2167,-59.5167,24.34,73,20,6.17,BB,1677226081
2,bardiyah,31.7561,25.0865,14.76,75,0,3.56,LY,1677226081
3,mataura,-46.1927,168.8643,12.28,67,0,2.27,NZ,1677225818
4,hasaki,35.7333,140.8333,12.22,80,100,4.29,JP,1677225851
5,sao filipe,14.8961,-24.4956,21.51,70,58,6.66,CV,1677225892
6,jamestown,42.097,-79.2353,1.12,79,100,9.77,US,1677225673
7,bredasdorp,-34.5322,20.0403,22.79,59,1,2.69,ZA,1677225885
8,eatonton,33.3268,-83.3885,20.18,88,74,0.45,US,1677226337
9,chifeng,42.2683,118.9636,-1.88,17,0,6.93,CN,1677225864
10,busselton,-33.65,115.3333,25.75,41,4,4.01,AU,1677225841
11,zhovtneve,50.6637,24.2492,3.91,79,100,5.27,UA,1677226082
12,rikitea,-23.1203,-134.9692,26.53,75,9,4.47,PF,1677225839
13,kapaa,22.0752,-159.319,23.39,86,100,4.02,US,1677225834
14,coffs harbour,-30.3,153.1333,23.98,57,40,3.6,AU,1677226083
15,kibaya,-5.3,36.5667,23.14,58,16,2.78,TZ,1677226083
16,byron bay,-28.65,153.6167,21.08,69,93,6.49,AU,1677226084
17,chokurdakh,70.6333,147.9167,-30.81,97,100,4.2,RU,1677225863
18,fortuna,40.5982,-124.1573,1.48,97,100,0.0,US,1677225862
19,dikson,73.5069,80.5464,-11.37,87,100,7.58,RU,1677225863
20,bluff,-46.6,168.3333,15.18,64,0,6.98,NZ,1677225881
21,presidencia roque saenz pena,-26.7852,-60.4388,22.05,83,82,1.61,AR,1677226084
22,kieta,-6.2167,155.6333,26.96,84,100,2.08,PG,1677225941
23,salinas,36.6777,-121.6555,7.88,82,75,8.75,US,1677225891
24,ler,8.3018,30.1418,34.71,11,89,4.76,SS,1677226085
25,pakokku,21.3333,95.1,33.18,24,0,1.24,MM,1677226085
26,avarua,-21.2078,-159.775,27.03,83,20,1.03,CK,1677225849
27,albany,42.6001,-73.9662,2.72,88,92,0.89,US,1677225601
28,zhaotong,27.3167,103.7167,7.25,56,98,4.33,CN,1677226086
29,arraial do cabo,-22.9661,-42.0278,23.73,89,100,7.43,BR,1677225875
30,sokoni,-6.4333,39.55,26.95,71,100,1.25,TZ,1677226086
31,cordoba,-31.4135,-64.1811,19.86,86,0,3.09,AR,1677226087
32,mugur-aksy,50.35,90.5,-3.08,70,60,2.87,RU,1677226088
33,barrow,71.2906,-156.7887,-2.99,86,75,10.8,US,1677225607
34,punta arenas,-53.15,-70.9167,9.06,81,100,5.66,CL,1677225767
35,provideniya,64.3833,-173.3,-10.6,96,85,1.77,RU,1677225898
36,ushuaia,-54.8,-68.3,7.81,71,40,2.06,AR,1677225779
37,new norfolk,-42.7826,147.0587,27.73,27,100,0.89,AU,1677225876
38,saint george,37.1041,-113.5841,1.35,87,100,3.6,US,1677225888
39,dawei,14.0833,98.2,32.41,42,69,5.45,MM,1677226089
40,kahului,20.8947,-156.47,22.69,79,20,9.77,US,1677226089
41,kijabe,-0.933,36.5758,22.45,55,18,0.89,KE,1677226089
42,vaini,-21.2,-175.2,27.09,94,75,4.12,TO,1677225838
43,oktyabrskiy,54.4815,53.471,-11.26,88,95,5.41,RU,1677226090
44,beboto,8.2668,16.939,31.49,11,18,3.48,TD,1677226090
45,port-gentil,-0.7193,8.7815,27.98,94,40,1.03,GA,1677225949
46,lerwick,60.1545,-1.1494,3.0,64,100,10.67,GB,1677226091
47,tigil,57.8,158.6667,-19.64,97,28,2.21,RU,1677226091
48,cartagena del chaira,1.3349,-74.8429,20.41,63,31,0.68,CO,1677226092
49,londonderry,54.9981,-7.3093,8.85,87,75,4.63,GB,1677226092
50,escarcega,18.6089,-90.7454,21.62,83,8,1.98,MX,1677226093
51,yellowknife,62.456,-114.3525,-30.25,76,0,4.63,CA,1677225771
52,port-cartier,50.0334,-66.8654,-22.92,91,100,2.9,CA,1677226093
53,cape town,-33.9258,18.4232,23.95,67,20,5.66,ZA,1677225600
54,saint-philippe,-21.3585,55.7679,30.77,77,20,5.09,RE,1677225865
55,grand gaube,-20.0064,57.6608,29.65,65,8,5.36,MU,1677225955
56,tra vinh,9.9347,106.3453,28.93,57,81,5.13,VN,1677226094
57,evensk,61.95,159.2333,-20.25,92,100,2.78,RU,1677226094
58,klaksvik,62.2266,-6.589,2.51,70,100,6.56,FO,1677225978
59,half moon bay,37.4636,-122.4286,6.87,89,100,3.09,US,1677226095
60,nuuk,64.1835,-51.7216,-5.8,96,100,3.1,GL,1677226095
61,puerto ayora,-0.7393,-90.3518,24.19,96,100,0.89,EC,1677225859
62,cherskiy,68.75,161.3,-33.17,100,99,1.96,RU,1677225914
63,monrovia,6.3005,-10.7969,24.87,87,84,2.08,LR,1677226095
64,faanui,-16.4833,-151.75,27.75,69,100,1.07,PF,1677225857
65,talnakh,69.4865,88.3972,-7.66,95,100,4.47,RU,1677225853
66,clinton,42.587,-82.9199,-0.59,68,100,10.8,US,1677226096
67,flin flon,54.7682,-101.865,-31.57,100,22,2.18,CA,1677225971
68,nikolskoye,59.7035,30.7861,-4.06,92,100,2.63,RU,1677226096
69,grindavik,63.8424,-22.4338,6.26,93,100,4.63,IS,1677225919
70,cidreira,-30.1811,-50.2056,22.98,90,100,5.56,BR,1677225868
71,port alfred,-33.5906,26.891,26.21,85,98,2.24,ZA,1677225902
72,lebu,-37.6167,-73.65,12.07,87,2,5.15,CL,1677225880
73,aklavik,68.2191,-135.0107,-6.74,69,48,4.56,CA,1677225866
74,amahai,-3.3333,128.9167,29.04,73,100,0.76,ID,1677226097
75,thompson,55.7435,-97.8558,-29.91,76,0,2.57,CA,1677225775
76,korla,41.7597,86.1469,9.28,43,9,3.01,CN,1677226097
77,airai,-8.9266,125.4092,18.92,87,100,1.46,TL,1677225936
78,gondar,12.6,37.4667,23.44,20,18,0.35,ET,1677226098
79,naze,28.3667,129.4833,14.51,83,100,7.02,JP,1677225885
80,taree,-31.9,152.4667,22.81,66,54,2.51,AU,1677226098
81,maple creek,49.9168,-109.4848,-23.53,89,76,2.24,CA,1677226099
82,tokur,53.1333,132.9,-15.91,92,91,1.54,RU,1677226099
83,chicama,-7.8447,-79.1469,23.3,74,92,1.69,PE,1677226028
84,chuy,-33.6971,-53.4616,21.08,94,100,2.46,UY,1677225867
85,victoria,22.2855,114.1577,24.58,60,3,4.47,HK,1677225674
86,hamilton,39.1834,-84.5333,0.35,73,0,7.72,US,1677226333
87,maniitsoq,65.4167,-52.9,-9.31,93,100,6.69,GL,1677226100
88,saint-joseph,-21.3667,55.6167,30.21,74,11,5.66,RE,1677225896
89,elban,50.1018,136.5094,-12.75,96,99,1.98,RU,1677226100
90,dongsheng,39.8161,109.9776,1.83,26,0,3.89,CN,1677226101
91,esperance,-33.8667,121.9,18.84,54,2,5.7,AU,1677225950
92,auray,47.6703,-2.9918,7.72,87,95,10.27,FR,1677226101
93,hithadhoo,-0.6,73.0833,27.63,70,11,2.35,MV,1677225844
94,ossora,59.2353,163.0719,-22.26,94,9,2.36,RU,1677226102
95,ponta do sol,32.6667,-17.1,13.73,73,80,1.62,PT,1677225881
96,luderitz,-26.6481,15.1594,24.43,49,5,7.82,NA,1677226102
97,hobart,-42.8794,147.3294,27.93,47,0,5.66,AU,1677225622
98,qaanaaq,77.484,-69.3632,-26.88,59,0,3.75,GL,1677225898
99,upernavik,72.7868,-56.1549,-20.0,73,100,3.96,GL,1677225877
100,punta alta,-38.8759,-62.0736,14.43,94,0,3.6,AR,1677225999
101,kruisfontein,-34.0033,24.7314,23.27,76,100,5.58,ZA,1677225938
102,atuona,-9.8,-139.0333,26.71,80,2,8.19,PF,1677226103
103,bambous virieux,-20.3428,57.7575,29.56,70,40,5.14,MU,1677225944
104,rio grande,-32.035,-52.0986,23.12,84,100,4.9,BR,1677225829
105,powell river,49.8496,-124.5361,-6.43,51,0,2.76,CA,1677226104
106,norfolk,42.1668,-71.2495,1.08,94,100,2.06,US,1677226104
107,whitley bay,55.0397,-1.4471,7.12,85,20,3.6,GB,1677226104
108,awbari,26.5921,12.7805,17.15,17,0,5.36,LY,1677226105
109,hervey bay,-25.2986,152.8535,24.49,69,15,7.96,AU,1677226105
110,samarai,-10.6167,150.6667,27.92,77,98,4.19,PG,1677226011
111,hilo,19.7297,-155.09,22.93,95,100,3.6,US,1677225611
112,saldanha,-33.0117,17.9442,24.03,78,0,6.34,ZA,1677225843
113,mudgee,-32.5943,149.5871,23.77,32,5,4.66,AU,1677225923
114,nabire,-3.3667,135.4833,27.88,84,100,1.94,ID,1677226106
115,ewa beach,21.3156,-158.0072,23.97,72,100,4.12,US,1677226106
116,beringovskiy,63.05,179.3167,-18.94,94,88,2.67,RU,1677225853
117,kavaratti,10.5669,72.642,27.24,65,0,0.97,IN,1677225937
118,komsomolskiy,40.4272,71.7189,15.4,38,37,2.06,UZ,1677226107
119,severiano melo,-5.7772,-37.9578,22.9,90,100,0.84,BR,1677226107
120,soe,-9.8607,124.284,22.56,85,99,1.41,ID,1677226107
121,chapais,49.7834,-74.8492,-29.12,95,100,2.72,CA,1677225903
122,bengkulu,-3.8004,102.2655,28.32,75,99,5.9,ID,1677225961
123,areosa,41.7178,-8.8571,4.34,75,0,2.24,PT,1677226108
124,ilulissat,69.2167,-51.1,-2.99,80,100,0.0,GL,1677225859
125,tasiilaq,65.6145,-37.6368,-2.91,94,100,13.54,GL,1677225892
126,dentsville,34.064,-80.9582,22.18,82,0,2.06,US,1677226108
127,sudak,44.85,34.9667,1.74,60,27,3.07,UA,1677226109
128,okha,53.5739,142.9478,-18.71,93,15,3.27,RU,1677226109
129,san patricio,28.017,-97.5169,24.05,96,100,2.82,US,1677225942
130,arawa,-6.2132,155.5367,26.18,90,100,1.15,PG,1677226110
131,sao joao da barra,-21.6403,-41.0511,23.76,87,100,3.2,BR,1677225886
132,guerrero negro,27.9769,-114.0611,13.24,64,94,3.8,MX,1677226110
133,pisco,-13.7,-76.2167,22.03,78,0,3.6,PE,1677225890
134,souillac,-20.5167,57.5167,29.21,70,40,5.14,MU,1677225925
135,port lincoln,-34.7333,135.8667,20.04,65,100,5.91,AU,1677226110
136,port keats,-14.25,129.55,26.56,83,100,5.05,AU,1677226111
137,high level,58.5169,-117.136,-32.02,100,81,1.12,CA,1677226111
138,tonj,7.2737,28.6822,34.47,12,100,2.71,SS,1677226112
139,namatanai,-3.6667,152.4333,27.76,77,81,3.62,PG,1677226112
140,margate,51.3813,1.3862,3.26,80,100,0.45,GB,1677226350
141,yaizu,34.8667,138.3333,12.06,50,100,3.09,JP,1677226112
142,sochi,43.6,39.7303,6.05,60,4,5.58,RU,1677226113
143,kodiak,57.79,-152.4072,0.73,86,75,1.54,US,1677225876
144,karratha,-20.7377,116.8463,32.46,58,97,7.23,AU,1677225842
145,okhotsk,59.3833,143.3,-23.96,89,6,1.83,RU,1677225845
146,deputatskiy,69.3,139.9,-36.54,95,94,2.31,RU,1677225939
147,east london,-33.0153,27.9116,29.52,65,40,8.23,ZA,1677225843
148,port blair,11.6667,92.75,30.02,62,40,4.12,IN,1677225901
149,berlevag,70.8578,29.0864,-1.0,86,75,3.09,NO,1677226113
150,guiyang,26.5833,106.7167,7.05,80,100,4.18,CN,1677226114
151,port macquarie,-31.4333,152.9167,22.16,67,98,3.02,AU,1677226114
152,caruray,10.3094,119.0128,26.43,86,76,3.91,PH,1677226115
153,kulhudhuffushi,6.6221,73.07,27.06,66,40,4.55,MV,1677225994
154,te anau,-45.4167,167.7167,12.66,66,0,0.66,NZ,1677226006
155,nouadhibou,20.931,-17.0347,16.4,86,8,7.15,MR,1677226115
156,gopalpur,19.2667,84.9167,29.62,56,0,6.08,IN,1677226116
157,ovre ardal,61.3167,7.8,-3.51,96,97,1.92,NO,1677226116
158,butaritari,3.0707,172.7902,26.68,82,98,4.82,KI,1677225846
159,lasa,46.6166,10.7002,5.57,88,81,1.51,IT,1677226116
160,lompoc,34.6391,-120.4579,7.4,73,100,9.39,US,1677225860
161,boke,10.9409,-14.2967,21.58,89,4,0.84,GN,1677226117
162,alihe,50.5667,123.7167,-6.64,62,62,4.32,CN,1677226117
163,groningen,53.25,6.75,5.58,91,100,6.69,NL,1677226351
164,mulanje,-16.0316,35.5,26.02,73,80,1.8,MW,1677226117
165,balabac,7.9868,117.0645,27.93,73,32,4.62,PH,1677226118
166,okato,-39.2,173.8833,15.1,87,100,6.26,NZ,1677226118
167,kununurra,-15.7667,128.7333,25.99,94,75,2.06,AU,1677225995
168,port elizabeth,-33.918,25.5701,24.62,78,100,5.66,ZA,1677225808
169,alekseyevskoye,55.3071,50.1135,-13.4,93,90,5.05,RU,1677226118
170,rolla,37.9514,-91.7713,-4.16,73,0,4.12,US,1677225870
171,pinawa,50.1489,-95.8811,-20.18,95,100,1.73,CA,1677226119
172,saint-pierre,-21.3393,55.4781,30.82,62,0,9.26,RE,1677225926
173,port hardy,50.6996,-127.4199,-5.91,54,0,5.09,CA,1677226120
174,donghai,22.9459,115.642,25.24,40,1,3.25,CN,1677226120
175,usinsk,65.9939,57.5281,-12.82,91,100,6.47,RU,1677226121
176,lagoa,39.05,-27.9833,14.37,66,100,9.74,PT,1677225950
177,saskylakh,71.9167,114.0833,-23.53,99,96,1.61,RU,1677225902
178,ancud,-41.8697,-73.8203,10.73,90,77,1.03,CL,1677225899
179,pahrump,36.2083,-115.9839,3.05,67,80,5.81,US,1677225838
180,kavieng,-2.5744,150.7967,28.09,76,98,2.93,PG,1677225857
181,severo-kurilsk,50.6789,156.125,-5.96,63,99,2.07,RU,1677225852
182,zhezkazgan,47.8043,67.7144,-6.01,68,0,6.0,KZ,1677226121
183,sorong,-0.8833,131.25,27.85,75,100,2.75,ID,1677225864
184,san carlos de bariloche,-41.1456,-71.3082,6.86,65,0,2.06,AR,1677225979
185,qasigiannguit,68.8193,-51.1922,-2.86,73,100,3.42,GL,1677225924
186,cayenne,4.9333,-52.3333,24.02,94,75,1.03,GF,1677225837
187,elizabeth city,36.2946,-76.2511,19.01,94,0,4.12,US,1677226054
188,sakakah,29.9697,40.2064,17.12,32,0,0.6,SA,1677226122
189,kondinskoye,59.6481,67.41,-9.79,89,100,4.49,RU,1677226122
190,thalgau,47.8333,13.25,6.11,92,75,3.09,AT,1677226122
191,magadan,59.5667,150.8,-21.01,81,100,2.86,RU,1677226123
192,hambantota,6.1241,81.1185,31.19,66,20,5.14,LK,1677225975
193,bouloupari,-21.8667,166.05,23.95,75,99,1.0,NC,1677226123
194,rawson,-43.3002,-65.1023,18.43,51,0,10.84,AR,1677226052
195,mar del plata,-38.0023,-57.5575,20.05,82,0,0.89,AR,1677226123
196,sydney,-33.8679,151.2073,24.31,62,2,5.66,AU,1677225888
197,tabou,4.423,-7.3528,26.83,87,100,2.69,CI,1677226124
198,chapaevsk,52.9813,49.7112,-11.76,90,52,4.44,RU,1677226124
199,nara,34.6851,135.8049,7.17,72,100,1.45,JP,1677225919
200,clyde river,70.4692,-68.5914,-28.87,76,100,13.38,CA,1677225958
201,velyka oleksandrivka,47.3197,33.3037,0.28,41,91,6.47,UA,1677226125
202,nanortalik,60.1432,-45.2371,-1.46,98,100,3.82,GL,1677225890
203,novikovo,51.1537,37.8879,-6.35,82,100,6.16,RU,1677226125
204,muncar,-8.4333,114.3333,26.18,89,100,2.97,ID,1677226126
205,sulmona,42.0479,13.9291,11.9,72,100,1.81,IT,1677226126
206,contamana,-7.3333,-75.0167,21.01,92,92,1.04,PE,1677226126
207,khatanga,71.9667,102.5,-26.07,100,100,2.04,RU,1677225853
208,salalah,17.0151,54.0924,25.14,47,23,3.83,OM,1677226355
209,iqaluit,63.7506,-68.5145,-32.95,74,100,10.29,CA,1677225923
210,tiksi,71.6872,128.8694,-32.24,97,53,3.84,RU,1677225908
211,cabo san lucas,22.8909,-109.9124,18.06,72,99,0.45,MX,1677225715
212,lata,40.1629,-8.3327,0.04,84,23,1.36,PT,1677225941
213,shenzhen,22.5455,114.0683,26.03,52,1,2.37,CN,1677226127
214,kysyl-syr,63.8986,122.7617,-26.02,96,9,1.21,RU,1677226127
215,narsaq,60.9167,-46.05,0.12,98,100,1.81,GL,1677225861
216,gazli,40.1333,63.45,12.83,40,68,5.83,UZ,1677226128
217,tornio,65.8481,24.1466,-13.99,96,50,1.49,FI,1677226128
218,witu,-2.3889,40.4382,29.09,51,11,3.49,KE,1677226129
219,ahipara,-35.1667,173.1667,16.96,85,11,2.33,NZ,1677226004
220,saint-gaudens,43.0833,0.6667,3.34,91,57,1.5,FR,1677226129
221,bandarbeyla,9.4942,50.8122,26.09,64,78,4.01,SO,1677226129
222,lorengau,-2.0226,147.2712,28.04,82,100,5.3,PG,1677225896
223,mitsamiouli,-11.3847,43.2844,28.73,68,96,1.44,KM,1677226130
224,santiago de cuba,20.0247,-75.8219,22.06,73,20,2.57,CU,1677226130
225,tres arroyos,-38.3739,-60.2798,14.42,95,0,2.2,AR,1677226131
226,mangai,-4.05,19.5333,23.35,79,100,0.84,CD,1677226131
227,yelan-kolenovskiy,51.1632,41.151,-8.33,82,100,5.53,RU,1677226131
228,platteville,42.7342,-90.4785,-10.95,79,0,0.0,US,1677225929
229,almaty,43.25,76.95,5.95,76,75,3.0,KZ,1677226132
230,mehamn,71.0357,27.8492,-1.03,86,75,9.26,NO,1677226358
231,paamiut,61.994,-49.6678,-4.29,92,100,6.05,GL,1677225936
232,phalombe,-15.8064,35.6507,25.29,72,90,1.11,MW,1677226132
233,usak,38.5,29.4167,10.99,48,100,1.59,TR,1677226132
234,petropavlovsk-kamchatskiy,53.0452,158.6483,-12.9,78,85,1.57,RU,1677226133
235,gisborne,-38.6533,178.0042,16.5,92,100,6.95,NZ,1677226133
236,stornoway,58.2093,-6.3865,5.52,90,20,3.09,GB,1677226133
237,paramonga,-10.6667,-77.8333,23.01,81,100,2.67,PE,1677226134
238,omboue,-1.5746,9.2618,25.88,83,100,0.73,GA,1677226134
239,nyurba,63.2842,118.3319,-13.4,95,100,2.23,RU,1677225934
240,estelle,29.8458,-90.1067,22.0,95,100,2.57,US,1677226135
241,kropotkin,45.4375,40.5756,-0.47,38,6,3.55,RU,1677226135
242,svetlogorsk,52.6333,29.7333,0.09,76,100,7.14,BY,1677226135
243,portland,45.5234,-122.6762,-3.01,66,0,10.29,US,1677225514
244,ribeira grande,38.5167,-28.7,14.22,72,40,5.66,PT,1677225883
245,norman wells,65.282,-126.8329,-17.98,78,100,1.54,CA,1677225932
246,anandpur sahib,31.25,76.5,29.05,15,13,3.59,IN,1677226135
247,koungou,-12.7336,45.2042,24.84,94,75,4.12,YT,1677226136
248,dawlatabad,36.4141,64.9053,19.77,26,85,1.18,AF,1677226136
249,mukhen,48.1,136.1,-10.91,90,77,2.83,RU,1677226137
250,san vicente,-26.6167,-54.1333,16.76,100,100,0.75,AR,1677226137
251,kankan,10.3854,-9.3057,24.64,38,46,2.16,GN,1677226137
252,mpanda,-6.3655,31.0409,18.66,96,100,1.01,TZ,1677226138
253,tautira,-17.7333,-149.15,27.68,73,100,2.53,PF,1677226139
254,suaza,1.9761,-75.7945,17.12,84,69,0.89,CO,1677226139
255,mayo,38.8876,-76.5119,19.17,58,0,3.09,US,1677225944
256,pevek,69.7008,170.3133,-25.12,94,100,5.45,RU,1677225858
257,road town,18.4167,-64.6167,24.05,64,35,8.43,VG,1677226026
258,sambava,-14.2667,50.1667,28.31,66,64,4.7,MG,1677225903
259,lavrentiya,65.5833,-171.0,-19.54,92,9,3.1,RU,1677225874
260,howard springs,-12.497,131.047,27.95,96,100,2.5,AU,1677226141
261,bereda,43.2686,-7.5406,0.64,100,100,0.59,ES,1677226141
262,gravdal,68.1214,13.5031,0.94,64,40,8.75,NO,1677226142
263,skjervoy,70.0311,20.9714,-3.0,70,100,11.79,NO,1677226018
264,loikaw,19.6742,97.2094,32.71,12,0,1.21,MM,1677226142
265,muli,2.9167,73.5667,27.46,66,62,2.62,MV,1677225794
266,seymchan,62.8833,152.4333,-23.58,97,100,1.93,RU,1677226025
267,nakusp,50.2499,-117.8023,-15.24,94,100,0.82,CA,1677226143
268,georgetown,5.4112,100.3354,32.96,62,20,3.6,MY,1677225738
269,bethel,41.3712,-73.414,3.83,87,100,0.0,US,1677225608
270,zhanaozen,43.3,52.8,-0.98,46,14,5.3,KZ,1677226143
271,simbahan,6.3032,120.5836,27.34,80,96,3.65,PH,1677225928
272,svetlaya,46.5389,138.3297,-3.88,48,91,2.01,RU,1677226144
273,amboasary,-25.0333,46.3833,34.84,41,75,1.12,MG,1677226144
274,mao,39.8885,4.2658,11.31,93,20,0.0,ES,1677226144
275,rupert,42.6191,-113.6772,-5.03,63,100,5.14,US,1677225998
276,kungurtug,50.5994,97.5228,-2.93,75,16,0.59,RU,1677226145
277,sur,22.5667,59.5289,29.44,29,1,0.97,OM,1677225908
278,gat,31.61,34.7642,17.1,100,98,0.65,IL,1677225917
279,lima,-12.0432,-77.0282,23.28,81,40,3.09,PE,1677226305
280,oussouye,12.485,-16.5469,21.57,41,32,3.09,SN,1677226146
281,constitucion,-35.3333,-72.4167,14.22,82,2,2.21,CL,1677225820
282,aykhal,66.0,111.5,-10.4,95,100,3.2,RU,1677225887
283,mokhsogollokh,61.4681,128.9203,-20.9,93,98,2.24,RU,1677225982
284,pemangkat,1.1667,108.9667,27.05,84,100,5.8,ID,1677226146
285,marsabit,2.3284,37.9899,24.54,44,100,7.88,KE,1677226147
286,virginia beach,36.8529,-75.978,20.04,84,40,3.6,US,1677226030
287,bintulu,3.1667,113.0333,27.88,77,100,4.21,MY,1677226109
288,lodja,-3.4833,23.4333,27.84,54,99,1.66,CD,1677226147
289,zhurivka,50.5028,31.7849,-0.87,53,100,8.77,UA,1677226148
290,sinnamary,5.3833,-52.95,24.42,88,87,4.53,GF,1677226019
291,salaga,8.5508,-0.5188,28.6,62,100,3.12,GH,1677226148
292,volokolamsk,56.0336,35.9694,-5.93,95,100,5.42,RU,1677226149
293,saint anthony,45.0205,-93.218,-19.04,81,0,1.54,US,1677225868
294,manali,13.1667,80.2667,32.05,66,0,4.77,IN,1677226149
295,kadoma,34.7333,135.5833,7.55,72,100,1.28,JP,1677226149
296,yulara,-25.2406,130.9889,37.56,16,67,2.07,AU,1677225850
297,santa lucia,27.9117,-15.5407,11.62,64,20,3.6,ES,1677225959
298,foshan,23.0268,113.1315,23.86,35,1,6.16,CN,1677226150
299,kandrian,-6.2167,149.55,27.31,83,100,4.61,PG,1677225891
300,longyearbyen,78.2186,15.6401,0.91,75,75,6.17,SJ,1677225910
301,zhangjiakou,40.81,114.8794,-0.83,25,0,5.24,CN,1677226151
302,cochrane,51.1834,-114.4687,-29.65,76,100,2.57,CA,1677226151
303,matagami,49.7502,-77.6328,-28.44,96,100,2.82,CA,1677226152
304,ugoofaaru,5.6667,73.0,27.18,67,45,4.9,MV,1677226152
305,nagua,19.3832,-69.8474,22.68,76,99,2.8,DO,1677225891
306,sault sainte marie,46.5168,-84.3333,-18.84,71,0,0.0,CA,1677226152
307,codrington,-38.2667,141.9667,27.13,41,100,6.8,AU,1677225968
308,ponta delgada,37.7333,-25.6667,15.4,82,75,6.69,PT,1677225977
309,gizo,-8.103,156.8419,28.81,70,99,1.17,SB,1677226153
310,bonaventure,48.0457,-65.4926,-15.68,95,100,1.03,CA,1677226153
311,gilleleje,56.122,12.3106,2.8,89,100,10.61,DK,1677226154
312,carballo,43.213,-8.691,3.84,92,98,1.27,ES,1677226154
313,puerto escondido,15.85,-97.0667,24.21,83,11,1.09,MX,1677225837
314,hovd,48.0056,91.6419,-7.64,70,14,1.72,MN,1677226154
315,wamba,8.9333,8.6,29.91,15,30,2.36,NG,1677226155
316,seoul,37.5683,126.9778,7.66,18,0,5.34,KR,1677226352
317,mollendo,-17.0231,-72.0147,21.94,85,100,2.79,PE,1677226155
318,loandjili,-4.7561,11.8578,25.36,88,100,1.61,CG,1677226156
319,teya,60.3778,92.6267,0.1,94,100,4.51,RU,1677226156
320,chanute,37.6792,-95.4572,-4.18,63,0,5.66,US,1677226157
321,williston,48.147,-103.618,-27.76,79,73,0.92,US,1677226157
322,tartagal,-22.5164,-63.8013,19.81,90,38,1.58,AR,1677226157
323,los llanos de aridane,28.6585,-17.9182,11.86,72,0,3.09,ES,1677225874
324,lishui,28.4604,119.9103,7.58,83,100,2.19,CN,1677226158
325,ballina,-28.8667,153.5667,21.12,90,94,5.85,AU,1677226158
326,qaqortoq,60.7167,-46.0333,-1.91,98,100,2.95,GL,1677225943
327,ketchikan,55.3422,-131.6461,-8.9,66,100,1.69,US,1677226000
328,tuktoyaktuk,69.4541,-133.0374,-10.59,95,100,4.99,CA,1677226159
329,marsh harbour,26.5412,-77.0636,23.41,75,26,2.39,BS,1677225970
330,maarianhamina,60.0973,19.9348,-2.88,100,75,1.03,AX,1677226160
331,zaraza,9.3503,-65.3245,22.18,83,90,3.02,VE,1677226009
332,vangaindrano,-23.35,47.6,27.91,65,70,1.96,MG,1677226160
333,saint-augustin,51.226,-58.6502,-31.63,86,8,3.25,CA,1677225872
334,jieshou,33.2634,115.3611,11.9,47,99,2.31,CN,1677226161
335,lovington,32.944,-103.3485,0.47,42,6,4.88,US,1677226161
336,banda aceh,5.5577,95.3222,28.74,68,96,7.44,ID,1677225942
337,prince rupert,54.3161,-130.3201,-11.48,67,74,3.03,CA,1677226023
338,ostrovnoy,68.0531,39.5131,-14.32,97,95,2.89,RU,1677225856
339,alibag,18.6411,72.8792,34.04,39,0,5.51,IN,1677226161
340,miyako,39.6367,141.9525,3.93,81,100,1.76,JP,1677225980
341,ajdabiya,30.7554,20.2263,16.11,33,0,2.56,LY,1677226162
342,santa rosa,14.3122,121.1114,32.83,62,74,1.59,PH,1677225978
343,emerald,-23.5333,148.1667,30.19,39,16,5.76,AU,1677226163
344,qarqin,37.4185,66.0436,22.35,23,95,7.58,AF,1677226164
345,shingu,33.7333,135.9833,7.8,94,100,2.16,JP,1677226164
346,woodstock,43.1334,-80.7497,-3.14,89,96,6.47,CA,1677226367
347,pastavy,55.1168,26.8326,-0.35,97,100,4.15,BY,1677226164
348,nushki,29.5542,66.0215,24.57,19,0,5.15,PK,1677226165
349,boyolangu,-8.1181,111.8935,24.85,94,100,1.51,ID,1677226165
350,olinda,-8.0089,-34.8553,24.85,83,40,1.54,BR,1677225864
351,murray bridge,-35.1167,139.2667,28.96,62,100,6.71,AU,1677226166
352,athabasca,54.7169,-113.2854,-25.16,97,99,2.41,CA,1677226032
353,havelock,34.8791,-76.9013,19.98,91,19,0.89,US,1677225984
354,klyuchi,52.2667,79.1667,0.38,92,100,4.81,RU,1677226166
355,krasnoarmeysk,51.0239,45.6969,-11.85,88,64,6.08,RU,1677226146
356,mandalgovi,45.7625,106.2708,-1.76,34,5,3.99,MN,1677226167
357,staryy nadym,65.6118,72.6842,-4.15,94,100,1.61,RU,1677226167
358,tagusao,9.1924,117.8141,27.16,80,60,5.34,PH,1677226168
359,castro,-24.7911,-50.0119,16.93,98,100,1.73,BR,1677225872
360,chickasha,35.0526,-97.9364,-1.91,50,0,5.14,US,1677226168
361,roma,43.2128,-75.4557,2.07,94,100,4.63,US,1677226111
362,zyryanka,65.75,150.85,-23.71,97,100,3.27,RU,1677226169
363,necochea,-38.5473,-58.7368,18.49,94,0,3.22,AR,1677226169
364,tukrah,32.5341,20.5791,16.37,42,0,2.14,LY,1677226169
365,kuching,1.55,110.3333,29.47,83,40,4.12,MY,1677225923
366,agirish,61.9247,63.0231,-10.07,91,100,1.99,RU,1677226170
367,kolding,55.4904,9.4722,6.2,87,75,5.66,DK,1677226170
368,acapulco,16.8634,-99.8901,23.69,71,0,2.23,MX,1677225784
369,sidi ali,36.0998,0.4206,12.8,68,95,2.24,DZ,1677226171
370,namibe,-15.1961,12.1522,24.22,73,81,4.84,AO,1677226171
371,ucluelet,48.9329,-125.5528,-2.73,79,0,4.11,CA,1677225969
372,governador valadares,-18.8511,-41.9494,21.88,90,100,1.12,BR,1677226148
373,saraland,30.8207,-88.0706,22.4,89,84,1.78,US,1677226171
374,olafsvik,64.8945,-23.7142,5.17,96,100,6.27,IS,1677226028
375,port hedland,-20.3167,118.5667,34.03,59,100,6.69,AU,1677226172
376,mahebourg,-20.4081,57.7,29.58,70,40,5.14,MU,1677225855
377,panalingaan,8.7842,117.4231,26.89,81,93,4.44,PH,1677226172
378,leh,34.1667,77.5833,-9.07,50,98,0.83,IN,1677226173
379,san cristobal,7.7669,-72.225,16.92,80,7,0.77,VE,1677225987
380,ust-nera,64.5667,143.2,-37.15,100,55,0.52,RU,1677226173
381,elatia,39.8112,22.5382,11.73,80,87,1.24,GR,1677226173
382,voh,-20.9667,164.7,24.34,86,100,1.78,NC,1677226174
383,sangar,63.9242,127.4739,-31.36,99,52,0.9,RU,1677226174
384,tuatapere,-46.1333,167.6833,13.21,79,0,1.61,NZ,1677225996
385,vyartsilya,62.1764,30.693,-6.45,98,99,1.68,RU,1677226175
386,carnarvon,-24.8667,113.6333,28.42,63,13,9.42,AU,1677225904
387,moranbah,-22.0016,148.0466,26.66,57,52,7.68,AU,1677226175
388,araouane,18.9048,-3.5265,25.57,10,34,3.54,ML,1677226175
389,bandar-e lengeh,26.5579,54.8807,24.61,45,5,0.98,IR,1677226176
390,pacific grove,36.6177,-121.9166,7.66,87,75,3.6,US,1677226008
391,itoman,26.1247,127.6694,21.43,78,40,11.32,JP,1677226176
392,broome,42.2506,-75.833,3.81,78,100,6.26,US,1677226177
393,langenhagen,52.45,9.75,4.45,82,100,6.17,DE,1677226177
394,tunceli,39.1083,39.5471,1.54,67,1,0.35,TR,1677226178
395,sitka,57.0531,-135.33,-2.06,50,100,4.12,US,1677225839
396,shunyi,40.125,116.6453,7.97,11,0,4.0,CN,1677226178
397,gasa,31.5,34.4667,17.71,64,100,1.46,PS,1677226179
398,huambo,-12.7761,15.7392,15.93,96,100,2.03,AO,1677226179
399,padang,-0.9492,100.3543,24.03,79,97,2.76,ID,1677226011
400,verkh-usugli,52.7,115.1667,-5.13,60,9,2.29,RU,1677226180
401,xacmaz,41.4635,48.806,0.69,74,100,4.72,AZ,1677226180
402,port victoria,0.0939,33.9756,25.26,60,100,4.58,KE,1677226180
403,asmara,15.3333,38.9333,18.31,36,10,0.99,ER,1677225979
404,catuday,16.2923,119.8062,25.6,82,53,9.21,PH,1677226181
405,ulverstone,-41.15,146.1667,19.0,76,100,2.75,AU,1677225944
406,kathu,7.9178,98.3332,31.9,60,89,3.15,TH,1677226181
407,hami,42.8,93.45,10.85,29,0,0.49,CN,1677226016
408,kisangani,0.5167,25.2,29.99,52,100,2.13,CD,1677226181
409,tubinskiy,52.8892,58.2225,-12.15,86,100,8.07,RU,1677226182
410,kendari,-3.945,122.4989,28.96,72,100,2.7,ID,1677226182
411,yining,29.0361,114.5636,11.35,60,92,1.92,CN,1677226183
412,ladario,-19.0047,-57.6017,22.26,95,98,0.98,BR,1677226060
413,sevierville,35.8681,-83.5618,18.86,77,100,4.63,US,1677225913
414,arman,59.7,150.1667,-22.08,84,100,3.32,RU,1677225894
415,aransas pass,27.9095,-97.15,24.0,95,100,1.34,US,1677226183
416,luis correia,-2.8792,-41.6669,23.46,93,100,1.9,BR,1677226184
417,staritsa,56.5075,34.9354,-5.53,94,100,4.39,RU,1677226184
418,darhan,49.4867,105.9228,-6.86,78,6,1.94,MN,1677226184
419,piquete,-22.6136,-45.1761,20.6,96,95,1.0,BR,1677226184
420,bagdarin,54.4333,113.6,-5.57,56,32,1.1,RU,1677226018
421,isangel,-19.55,169.2667,25.77,88,66,4.13,VU,1677225871
422,baykit,61.67,96.37,-7.99,94,100,2.08,RU,1677226185
423,zhigansk,66.7697,123.3711,-34.12,96,15,2.49,RU,1677226001
424,milkovo,54.7167,158.6167,-13.73,85,99,1.89,RU,1677226185
425,aksu,41.1231,80.2644,8.98,38,100,0.74,CN,1677226186
426,alofi,-19.0595,-169.9187,25.94,94,40,2.57,NU,1677225889
427,torbay,47.6666,-52.7314,-14.68,80,89,4.02,CA,1677226186
428,brae,60.3964,-1.353,4.07,63,100,10.56,GB,1677226187
429,eureka,40.8021,-124.1637,1.63,97,100,0.89,US,1677226187
430,comarapa,-17.9,-64.4833,14.16,95,100,0.42,BO,1677226187
431,tumbagaan,5.3656,120.3139,27.49,77,67,3.02,PH,1677226188
432,riohacha,11.5444,-72.9072,23.19,80,100,6.28,CO,1677226188
433,iligan,8.2282,124.2412,27.74,80,72,1.49,PH,1677226188
434,anadyr,64.75,177.4833,-18.72,77,0,6.0,RU,1677226188
435,laguna,38.421,-121.4238,8.2,67,100,15.43,US,1677225879
436,ulaanbaatar,47.9077,106.8832,-1.93,46,0,3.0,MN,1677226189
437,grand-lahou,5.1367,-5.0242,27.11,86,100,3.38,CI,1677226189
438,cabra,37.4725,-4.4421,4.2,55,100,1.65,ES,1677226189
439,derzhavinsk,51.1,66.3167,-12.36,91,100,10.69,KZ,1677226190
440,marienburg,54.0359,19.0266,5.47,79,99,4.6,PL,1677226190
441,kibala,9.1104,18.3463,33.1,13,69,2.32,TD,1677226190
442,sarnia,42.9787,-82.4041,-1.93,80,100,9.26,CA,1677225951
443,finschhafen,-6.6024,147.8681,28.48,80,79,5.32,PG,1677226024
444,safaga,26.7292,33.9365,19.81,42,17,4.96,EG,1677226191
445,tazovskiy,67.4667,78.7,-6.64,96,100,4.6,RU,1677226191
446,kudahuvadhoo,2.6708,72.8944,27.39,66,97,3.41,MV,1677225871
447,berdigestyakh,62.0989,126.6992,-22.47,95,90,2.14,RU,1677226191
448,srednekolymsk,67.45,153.6833,-27.83,98,100,2.31,RU,1677225929
449,maridi,4.9158,29.4742,31.94,21,100,1.96,SS,1677226192
450,correntina,-13.3433,-44.6367,21.57,72,94,0.82,BR,1677226148
451,coquimbo,-29.9533,-71.3436,16.85,94,100,2.06,CL,1677225957
452,kjollefjord,70.9457,27.3465,2.03,86,75,9.26,NO,1677226192
453,bilibino,68.0546,166.4372,-29.91,99,100,1.29,RU,1677225978
454,suntar,62.1444,117.6319,-8.43,95,100,2.9,RU,1677226192
455,mananjary,-21.2167,48.3333,27.34,66,100,1.79,MG,1677226193
456,udachnyy,66.4167,112.4,-13.64,84,100,2.65,RU,1677226194
457,roebourne,-20.7833,117.1333,32.41,58,82,7.1,AU,1677226194
458,faya,18.3851,42.4509,20.29,30,4,4.16,SA,1677226194
459,fairbanks,64.8378,-147.7164,-5.81,90,100,2.06,US,1677225951
460,vanimo,-2.6741,141.3028,27.4,84,100,4.32,PG,1677226195
461,sawtell,-30.3833,153.1,24.01,57,40,3.6,AU,1677226016
462,lynn haven,30.2455,-85.6483,22.06,98,100,3.09,US,1677226195
463,kishtwar,33.3167,75.7667,16.45,23,100,1.15,IN,1677226195
464,lokosovo,61.1333,74.8167,-2.03,96,100,2.49,RU,1677226196
465,caceres,39.522,-6.3748,1.01,79,0,1.17,ES,1677226196
466,cutervo,-6.379,-78.8157,10.41,92,95,0.77,PE,1677226196
467,tchaourou,8.8865,2.5975,27.43,71,79,1.63,BJ,1677226197
468,sibolga,1.7427,98.7792,28.67,75,86,1.35,ID,1677225972
469,hualmay,-11.0964,-77.6139,23.18,79,100,3.75,PE,1677226197
470,magistralnyy,56.1725,107.4458,-4.9,82,6,2.64,RU,1677226197
471,sayyan,15.1718,44.3244,19.73,22,6,1.59,YE,1677226198
472,tiznit,29.5833,-9.5,10.23,87,91,7.38,MA,1677225886
473,houma,29.5958,-90.7195,23.0,93,40,2.06,US,1677226167
474,atar,20.5169,-13.0499,15.63,59,7,4.14,MR,1677225906
475,ixtapa,20.7,-105.2,18.62,78,100,1.57,MX,1677225964
476,yumen,40.2833,97.2,9.18,20,0,1.83,CN,1677225962
477,sedalia,38.7045,-93.2283,-6.05,73,0,4.63,US,1677226198
478,sungaipenuh,-2.0833,101.3833,21.93,86,100,1.2,ID,1677226199
479,kot diji,27.3427,68.7083,28.01,18,100,1.39,PK,1677226199
480,zhangye,38.9342,100.4517,9.73,19,80,1.61,CN,1677226199
481,garissa,-0.4536,39.6401,30.97,43,77,3.3,KE,1677226200
482,acajutla,13.5928,-89.8275,24.42,61,5,1.74,SV,1677226200
483,ankazobe,-18.3167,47.1167,24.24,59,100,4.02,MG,1677226201
484,kutum,14.2,24.6667,23.81,14,0,5.16,SD,1677225856
485,merauke,-8.4667,140.3333,28.23,77,100,5.27,ID,1677226201
486,uray,60.1247,64.7758,-8.34,90,100,3.03,RU,1677226202
487,eyl,7.9803,49.8164,28.0,54,96,5.18,SO,1677226202
488,aksha,50.2814,113.2867,-4.61,54,0,2.11,RU,1677226203
489,acari,-15.4311,-74.6158,22.85,85,100,1.54,PE,1677226203
490,henties bay,-22.116,14.2845,19.54,84,84,2.8,NA,1677225930
491,hudson bay,52.85,-102.3842,-22.29,97,100,1.73,CA,1677226204
492,outjo,-20.1167,16.15,27.59,39,56,5.24,NA,1677226205
493,villa carlos paz,-31.4241,-64.4978,17.99,37,49,0.89,AR,1677226205
494,lakatoro,-16.0999,167.4164,27.55,78,30,1.17,VU,1677226205
495,xining,36.6167,101.7667,5.19,40,12,2.54,CN,1677226206
496,juneau,58.3019,-134.4197,-6.0,100,75,3.09,US,1677226091
497,coihaique,-45.5752,-72.0662,11.97,76,100,2.57,CL,1677226207
498,calama,-22.4667,-68.9333,9.27,66,0,6.69,CL,1677226207
499,katsuura,35.1333,140.3,10.42,79,100,2.64,JP,1677225868
500,haines junction,60.7522,-137.5108,-11.03,73,100,1.03,CA,1677225924
501,waw,7.7029,27.9953,34.3,11,100,2.72,SS,1677226208
502,port angeles,48.1181,-123.4307,-0.66,71,100,2.57,US,1677226209
503,nizhniy baskunchak,48.2198,46.8311,-7.05,78,7,6.09,RU,1677226210
504,vao,-22.6667,167.4833,24.76,80,91,7.46,NC,1677225893
505,thurso,58.5927,-3.5259,5.14,79,97,8.2,GB,1677226044
506,uni,57.7535,51.4923,-11.94,91,100,5.29,RU,1677226210
507,celaya,20.5167,-100.8167,14.31,29,55,0.44,MX,1677226211
508,yongan,39.6957,113.6871,1.38,20,0,3.93,CN,1677226211
509,sabla,12.7525,4.7077,26.82,13,39,4.91,NG,1677226212
510,longhua,23.6137,114.1919,25.39,37,2,3.25,CN,1677226212
511,general roca,-39.0333,-67.5833,20.9,31,0,6.41,AR,1677226003
512,itarema,-2.9248,-39.9167,23.28,92,100,1.79,BR,1677225945
513,buta,2.7858,24.73,31.51,44,95,1.49,CD,1677226213
514,wajir,1.7471,40.0573,31.22,38,94,5.64,KE,1677226213
515,kharitonovo,61.4009,47.4978,-11.36,91,100,3.01,RU,1677226213
516,egvekinot,66.3167,-179.1667,-22.33,99,100,2.93,RU,1677226214
517,southbridge,42.0751,-72.0334,0.99,98,100,3.7,US,1677226214
518,ola,59.5833,151.2833,-19.06,78,100,3.44,RU,1677226215
519,shizunai,42.3339,142.3669,0.0,66,59,1.22,JP,1677226215
520,dzan,20.3833,-89.4667,19.88,96,0,1.8,MX,1677226215
521,russell,32.3502,-85.1999,21.06,88,40,1.54,US,1677226026
522,vestmannaeyjar,63.4427,-20.2734,7.55,87,40,3.6,IS,1677226216
523,rajpipla,21.8667,73.5,34.51,9,0,2.73,IN,1677226216
524,jingdezhen,29.2947,117.2079,9.33,71,100,2.62,CN,1677226217
525,palora,-1.7,-77.9333,17.94,89,87,1.52,EC,1677226217
526,kaitangata,-46.2817,169.8464,12.38,68,3,5.27,NZ,1677225993
527,taoudenni,22.6783,-3.9836,22.83,26,43,5.02,ML,1677226219
528,mersing,2.4312,103.8405,28.66,64,98,5.85,MY,1677226219
529,moosomin,50.1333,-101.6677,-23.42,95,100,1.83,CA,1677226219
530,capitao poco,-1.7464,-47.0594,22.18,98,100,0.76,BR,1677226220
531,edson,53.5835,-116.4356,-31.57,100,44,0.71,CA,1677226221
532,viedma,-40.8135,-62.9967,14.98,72,0,3.84,AR,1677225795
533,nayudupeta,13.9,79.9,32.49,27,0,4.35,IN,1677226221
534,harper,4.375,-7.7169,26.94,85,100,3.04,LR,1677225852
535,marathon,44.9,-89.7668,-16.42,89,0,3.09,US,1677226221
536,caala,-12.8525,15.5606,16.9,91,100,1.44,AO,1677226222
537,praia da vitoria,38.7333,-27.0667,13.2,100,75,7.84,PT,1677225873
538,renfrew,55.872,-4.3925,8.53,86,75,4.63,GB,1677226222
539,mount gambier,-37.8333,140.7667,23.16,60,100,3.66,AU,1677225921
540,warrnambool,-38.3833,142.4833,30.72,33,100,5.46,AU,1677226223
541,caravelas,-17.7125,-39.2481,23.12,84,100,1.03,BR,1677225992
542,fredericton,45.9454,-66.6656,-9.54,86,100,3.09,CA,1677226223
543,minggang,32.4586,114.0486,13.51,40,98,3.34,CN,1677226224
544,dabola,10.75,-11.1167,24.12,43,4,1.54,GN,1677226224
545,saint-francois,46.4154,3.9054,7.69,95,75,3.09,FR,1677226224
546,luohe,33.5717,114.0353,13.33,41,100,2.6,CN,1677226225
547,umm lajj,25.0213,37.2685,21.65,46,9,2.51,SA,1677225925
548,chipinge,-20.1883,32.6236,22.29,60,84,3.01,ZW,1677225901
549,daura,11.5538,11.4085,26.92,12,25,3.67,NG,1677226225
550,mormugao,15.4,73.8,29.87,51,4,6.24,IN,1677226225
551,porto walter,-8.2686,-72.7439,20.49,98,100,1.04,BR,1677226226
552,newtownards,54.5924,-5.6909,9.18,83,100,7.2,GB,1677225944
553,inhambane,-23.865,35.3833,26.8,85,100,11.38,MZ,1677225858
554,rodrigues alves,-7.738,-72.6509,20.2,99,94,1.04,BR,1677226226
555,manchester,53.4809,-2.2374,8.8,86,75,3.6,GB,1677225956
556,mushie,-3.0167,16.9,28.22,57,94,1.0,CD,1677226227
557,ludvika,60.1496,15.1878,-6.11,91,100,0.54,SE,1677226227
558,kharp,66.8014,65.8081,-13.99,96,100,0.45,RU,1677226228
559,mullovka,54.2,49.4,-11.1,90,83,4.44,RU,1677226228
560,guajara,-2.9667,-57.6667,22.87,98,100,0.98,BR,1677226228
561,santa isabel do rio negro,-0.4139,-65.0192,22.63,94,80,0.46,BR,1677226229
562,antalaha,-14.9003,50.2788,29.82,56,68,4.29,MG,1677226230
563,maceio,-9.6658,-35.7353,23.69,94,0,1.54,BR,1677226230
564,shchebetovka,44.9333,35.15,1.51,59,17,4.7,UA,1677226230
